stat,p_value,homogeneous
1.2693797235000959,0.29904542092199327,True
