stat,p_value,homogeneous
2.60678252542259,0.06614636270403061,True
