test,F,df_b,df_w,p_value,eta_squared,omega_squared
ANOVA,4.956487440328841,3,37,0.005429271244154212,0.28667083975093194,0.2245050696548308
