boot_mean_diff,boot_ci_low,boot_ci_high,n_boot
0.03720251726579252,0.011985238419978953,0.06365489576643353,10000
