test,F,df_b,df_w,p_value,eta_squared,omega_squared
ANOVA,7.621285629102835,3,37,0.00043341657121842526,0.3819309024867689,0.3263653981719745
